{
  "anaheim|california|united states": [
    33.8347516,
    -117.911732
  ],
  "anaheim|united states": [
    33.8347516,
    -117.911732
  ],
  "aspen|colorado|united states": [
    39.1911128,
    -106.82356
  ],
  "aspen|united states": [
    39.1911128,
    -106.82356
  ],
  "atlanta|georgia|united states": [
    33.7544657,
    -84.3898151
  ],
  "atlanta|united states": [
    33.7544657,
    -84.3898151
  ],
  "belmont|california|united states": [
    37.5164926,
    -122.2941914
  ],
  "belmont|united states": [
    40.0057737,
    -81.0097516
  ],
  "boston|massachusetts|united states": [
    42.3588336,
    -71.0578303
  ],
  "boston|united states": [
    42.3588336,
    -71.0578303
  ],
  "boydton|united states": [
    36.6673066,
    -78.3882002
  ],
  "boydton|virginia|united states": [
    36.6673066,
    -78.3882002
  ],
  "calgary|alberta|canada": [
    51.0456064,
    -114.057541
  ],
  "calgary|canada": [
    51.0456064,
    -114.057541
  ],
  "cheyenne|united states": [
    41.139981,
    -104.820246
  ],
  "cheyenne|wyoming|united states": [
    41.139981,
    -104.820246
  ],
  "chicago|illinois|united states": [
    41.8755616,
    -87.6244212
  ],
  "chicago|united states": [
    41.8755616,
    -87.6244212
  ],
  "council bluffs|iowa|united states": [
    41.258841,
    -95.8519484
  ],
  "council bluffs|united states": [
    41.258841,
    -95.8519484
  ],
  "des moines|iowa|united states": [
    41.5868654,
    -93.6249494
  ],
  "des moines|united states": [
    41.5868654,
    -93.6249494
  ],
  "flint hill|united states": [
    38.8550506,
    -90.8612442
  ],
  "flint hill|virginia|united states": [
    36.7954163,
    -79.4941946
  ],
  "flower mound|texas|united states": [
    33.0283854,
    -97.0867203
  ],
  "flower mound|united states": [
    33.0283854,
    -97.0867203
  ],
  "glenview|illinois|united states": [
    42.0700662,
    -87.8114044
  ],
  "glenview|united states": [
    42.0700662,
    -87.8114044
  ],
  "grand rapids|michigan|united states": [
    42.9632425,
    -85.6678639
  ],
  "grand rapids|united states": [
    42.9632425,
    -85.6678639
  ],
  "hong kong|hong kong": [
    22.2818333,
    114.1582831
  ],
  "hong kong||hong kong": [
    22.2818333,
    114.1582831
  ],
  "massapequa park|new york|united states": [
    40.6803785,
    -73.4551241
  ],
  "massapequa park|united states": [
    40.6803785,
    -73.4551241
  ],
  "minneapolis|minnesota|united states": [
    44.9772995,
    -93.2654692
  ],
  "minneapolis|united states": [
    44.9772995,
    -93.2654692
  ],
  "moses lake|washington|united states": [
    47.1301417,
    -119.278077
  ],
  "paris|france": [
    48.8534951,
    2.3483915
  ],
  "paris|ile-de-france|france": [
    48.8588897,
    2.320041
  ],
  "phoenix|arizona|united states": [
    33.4484367,
    -112.074141
  ],
  "san antonio|texas|united states": [
    29.4246002,
    -98.4951405
  ],
  "san jose|california|united states": [
    37.3361663,
    -121.890591
  ],
  "san jose|united states": [
    37.3361663,
    -121.890591
  ],
  "san juan|san juan-laventille regional corporation|trinidad & tobago": null,
  "san juan|trinidad & tobago": [
    18.4651824,
    -66.0962728
  ],
  "san mateo|california|united states": [
    37.496904,
    -122.3330573
  ],
  "singapore|singapore": [
    1.2899175,
    103.8519072
  ],
  "singapore||singapore": [
    1.2899175,
    103.8519072
  ],
  "south san francisco|california|united states": [
    37.6535403,
    -122.4168664
  ],
  "south san francisco|united states": [
    37.6535403,
    -122.4168664
  ],
  "umea|sweden": [
    63.8256568,
    20.2630745
  ],
  "umea|vasterbotten county|sweden": [
    63.8256568,
    20.2630745
  ],
  "zhangjiajie|china": [
    29.373828,
    110.530142
  ],
  "zhangjiajie|hunan|china": [
    29.373828,
    110.530142
  ]
}